"Fecha","Valor"
"01/01/2019","31,06"
"02/01/2019","31,06"
"03/01/2019","31,22"
"04/01/2019","31,25"
"05/01/2019","31,29"
"06/01/2019","31,29"
"07/01/2019","31,29"
"08/01/2019","31,38"
"09/01/2019","31,41"
"10/01/2019","31,45"
"11/01/2019","31,48"
"12/01/2019","31,51"
"13/01/2019","31,51"
"14/01/2019","31,51"
"15/01/2019","31,61"
"16/01/2019","31,64"
"17/01/2019","31,66"
"18/01/2019","31,69"
"19/01/2019","31,72"
"20/01/2019","31,72"
"21/01/2019","31,72"
"22/01/2019","31,80"
"23/01/2019","31,82"
"24/01/2019","31,85"
"25/01/2019","31,87"
"26/01/2019","31,90"
"27/01/2019","31,90"
"28/01/2019","31,90"
"29/01/2019","31,98"
"30/01/2019","32,01"
"31/01/2019","32,03"
"01/02/2019","32,06"
"02/02/2019","32,09"
"03/02/2019","32,09"
"04/02/2019","32,09"
"05/02/2019","32,17"
"06/02/2019","32,19"
"07/02/2019","32,22"
"08/02/2019","32,25"
"09/02/2019","32,27"
"10/02/2019","32,27"
"11/02/2019","32,27"
"12/02/2019","32,35"
"13/02/2019","32,38"
"14/02/2019","32,41"
"15/02/2019","32,43"
"16/02/2019","32,46"
"17/02/2019","32,46"
"18/02/2019","32,46"
"19/02/2019","32,56"
"20/02/2019","32,59"
"21/02/2019","32,63"
"22/02/2019","32,66"
"23/02/2019","32,69"
"24/02/2019","32,69"
"25/02/2019","32,69"
"26/02/2019","32,79"
"27/02/2019","32,83"
"28/02/2019","32,86"
"01/03/2019","32,89"
"02/03/2019","32,93"
"03/03/2019","32,93"
"04/03/2019","32,93"
"05/03/2019","32,93"
"06/03/2019","32,93"
"07/03/2019","33,10"
"08/03/2019","33,13"
"09/03/2019","33,16"
"10/03/2019","33,16"
"11/03/2019","33,16"
"12/03/2019","33,27"
"13/03/2019","33,30"
"14/03/2019","33,33"
"15/03/2019","33,37"
"16/03/2019","33,40"
"17/03/2019","33,40"
"18/03/2019","33,40"
"19/03/2019","33,52"
"20/03/2019","33,56"
"21/03/2019","33,60"
"22/03/2019","33,64"
"23/03/2019","33,68"
"24/03/2019","33,68"
"25/03/2019","33,68"
"26/03/2019","33,81"
"27/03/2019","33,85"
"28/03/2019","33,89"
"29/03/2019","33,93"
"30/03/2019","33,97"
"31/03/2019","33,97"
"01/04/2019","33,97"
"02/04/2019","34,09"
"03/04/2019","34,09"
"04/04/2019","34,17"
"05/04/2019","34,22"
"06/04/2019","34,26"
"07/04/2019","34,26"
"08/04/2019","34,26"
"09/04/2019","34,38"
"10/04/2019","34,42"
"11/04/2019","34,46"
"12/04/2019","34,50"
"13/04/2019","34,55"
"14/04/2019","34,55"
"15/04/2019","34,55"
"16/04/2019","34,67"
"17/04/2019","34,72"
"18/04/2019","34,78"
"19/04/2019","34,78"
"20/04/2019","34,78"
"21/04/2019","34,78"
"22/04/2019","34,78"
"23/04/2019","35,04"
"24/04/2019","35,10"
"25/04/2019","35,15"
"26/04/2019","35,21"
"27/04/2019","35,26"
"28/04/2019","35,26"
"29/04/2019","35,26"
"30/04/2019","35,42"
"01/05/2019","35,48"
"02/05/2019","35,48"
"03/05/2019","35,59"
"04/05/2019","35,64"
"05/05/2019","35,64"
"06/05/2019","35,64"
"07/05/2019","35,80"
"08/05/2019","35,86"
"09/05/2019","35,91"
"10/05/2019","35,97"
"11/05/2019","36,02"
"12/05/2019","36,02"
"13/05/2019","36,02"
"14/05/2019","36,19"
"15/05/2019","36,25"
"16/05/2019","36,30"
"17/05/2019","36,34"
"18/05/2019","36,38"
"19/05/2019","36,38"
"20/05/2019","36,38"
"21/05/2019","36,50"
"22/05/2019","36,54"
"23/05/2019","36,58"
"24/05/2019","36,62"
"25/05/2019","36,65"
"26/05/2019","36,65"
"27/05/2019","36,65"
"28/05/2019","36,77"
"29/05/2019","36,81"
"30/05/2019","36,85"
"31/05/2019","36,89"
"01/06/2019","36,93"
"02/06/2019","36,93"
"03/06/2019","36,93"
"04/06/2019","37,05"
"05/06/2019","37,09"
"06/06/2019","37,13"
"07/06/2019","37,17"
"08/06/2019","37,21"
"09/06/2019","37,21"
"10/06/2019","37,21"
"11/06/2019","37,33"
"12/06/2019","37,37"
"13/06/2019","37,41"
"14/06/2019","37,45"
"15/06/2019","37,49"
"16/06/2019","37,49"
"17/06/2019","37,49"
"18/06/2019","37,49"
"19/06/2019","37,65"
"20/06/2019","37,69"
"21/06/2019","37,69"
"22/06/2019","37,76"
"23/06/2019","37,76"
"24/06/2019","37,76"
"25/06/2019","37,88"
"26/06/2019","37,92"
"27/06/2019","37,96"
"28/06/2019","38,00"
"29/06/2019","38,03"
"30/06/2019","38,03"
"01/07/2019","38,03"
"02/07/2019","38,15"
"03/07/2019","38,19"
"04/07/2019","38,23"
"05/07/2019","38,27"
"06/07/2019","38,31"
"07/07/2019","38,31"
"08/07/2019","38,31"
"09/07/2019","38,31"
"10/07/2019","38,31"
"11/07/2019","38,50"
"12/07/2019","38,54"
"13/07/2019","38,58"
"14/07/2019","38,58"
"15/07/2019","38,58"
"16/07/2019","38,70"
"17/07/2019","38,73"
"18/07/2019","38,76"
"19/07/2019","38,80"
"20/07/2019","38,83"
"21/07/2019","38,83"
"22/07/2019","38,83"
"23/07/2019","38,93"
"24/07/2019","38,97"
"25/07/2019","39,00"
"26/07/2019","39,03"
"27/07/2019","39,07"
"28/07/2019","39,07"
"29/07/2019","39,07"
"30/07/2019","39,17"
"31/07/2019","39,20"
"01/08/2019","39,23"
"02/08/2019","39,27"
"03/08/2019","39,30"
"04/08/2019","39,30"
"05/08/2019","39,30"
"06/08/2019","39,40"
"07/08/2019","39,44"
"08/08/2019","39,47"
"09/08/2019","39,50"
"10/08/2019","39,54"
"11/08/2019","39,54"
"12/08/2019","39,54"
"13/08/2019","39,64"
"14/08/2019","39,67"
"15/08/2019","39,71"
"16/08/2019","39,74"
"17/08/2019","39,77"
"18/08/2019","39,77"
"19/08/2019","39,77"
"20/08/2019","39,77"
"21/08/2019","39,88"
"22/08/2019","39,91"
"23/08/2019","39,94"
"24/08/2019","39,97"
"25/08/2019","39,97"
"26/08/2019","39,97"
"27/08/2019","40,05"
"28/08/2019","40,08"
"29/08/2019","40,11"
"30/08/2019","40,14"
"31/08/2019","40,16"
"01/09/2019","40,16"
"02/09/2019","40,16"
"03/09/2019","40,25"
"04/09/2019","40,28"
"05/09/2019","40,31"
"06/09/2019","40,33"
"07/09/2019","40,36"
"08/09/2019","40,36"
"09/09/2019","40,36"
"10/09/2019","40,45"
"11/09/2019","40,48"
"12/09/2019","40,50"
"13/09/2019","40,53"
"14/09/2019","40,56"
"15/09/2019","40,56"
"16/09/2019","40,56"
"17/09/2019","40,67"
"18/09/2019","40,72"
"19/09/2019","40,78"
"20/09/2019","40,83"
"21/09/2019","40,88"
"22/09/2019","40,88"
"23/09/2019","40,88"
"24/09/2019","41,04"
"25/09/2019","41,10"
"26/09/2019","41,15"
"27/09/2019","41,21"
"28/09/2019","41,26"
"29/09/2019","41,26"
"30/09/2019","41,26"
"01/10/2019","41,42"
"02/10/2019","41,48"
"03/10/2019","41,53"
"04/10/2019","41,58"
"05/10/2019","41,64"
"06/10/2019","41,64"
"07/10/2019","41,64"
"08/10/2019","41,80"
"09/10/2019","41,86"
"10/10/2019","41,91"
"11/10/2019","41,97"
"12/10/2019","42,02"
"13/10/2019","42,02"
"14/10/2019","42,02"
"15/10/2019","42,02"
"16/10/2019","42,24"
"17/10/2019","42,32"
"18/10/2019","42,40"
"19/10/2019","42,48"
"20/10/2019","42,48"
"21/10/2019","42,48"
"22/10/2019","42,71"
"23/10/2019","42,79"
"24/10/2019","42,87"
"25/10/2019","42,95"
"26/10/2019","43,03"
"27/10/2019","43,03"
"28/10/2019","43,03"
"29/10/2019","43,27"
"30/10/2019","43,35"
"31/10/2019","43,43"
"01/11/2019","43,51"
"02/11/2019","43,59"
"03/11/2019","43,59"
"04/11/2019","43,59"
"05/11/2019","43,83"
"06/11/2019","43,91"
"07/11/2019","43,91"
"08/11/2019","44,08"
"09/11/2019","44,16"
"10/11/2019","44,16"
"11/11/2019","44,16"
"12/11/2019","44,40"
"13/11/2019","44,49"
"14/11/2019","44,57"
"15/11/2019","44,65"
"16/11/2019","44,73"
"17/11/2019","44,73"
"18/11/2019","44,73"
"19/11/2019","44,73"
"20/11/2019","44,93"
"21/11/2019","44,98"
"22/11/2019","45,03"
"23/11/2019","45,07"
"24/11/2019","45,07"
"25/11/2019","45,07"
"26/11/2019","45,22"
"27/11/2019","45,27"
"28/11/2019","45,32"
"29/11/2019","45,37"
"30/11/2019","45,42"
"01/12/2019","45,42"
"02/12/2019","45,42"
"03/12/2019","45,57"
"04/12/2019","45,61"
"05/12/2019","45,66"
"06/12/2019","45,71"
"07/12/2019","45,76"
"08/12/2019","45,76"
"09/12/2019","45,76"
"10/12/2019","45,91"
"11/12/2019","45,96"
"12/12/2019","46,01"
"13/12/2019","46,06"
"14/12/2019","46,11"
"15/12/2019","46,11"
"16/12/2019","46,11"
"17/12/2019","46,27"
"18/12/2019","46,34"
"19/12/2019","46,40"
"20/12/2019","46,46"
"21/12/2019","46,53"
"22/12/2019","46,53"
"23/12/2019","46,53"
"24/12/2019","46,72"
"25/12/2019","46,78"
"26/12/2019","46,78"
"27/12/2019","46,91"
"28/12/2019","46,97"
"29/12/2019","46,97"
"30/12/2019","46,97"
"31/12/2019","47,16"
"01/01/2020","47,23"
"02/01/2020","47,23"
"03/01/2020","47,35"
"04/01/2020","47,42"
"05/01/2020","47,42"
"06/01/2020","47,42"
"07/01/2020","47,61"
"08/01/2020","47,68"
"09/01/2020","47,74"
"10/01/2020","47,81"
"11/01/2020","47,87"
"12/01/2020","47,87"
"13/01/2020","47,87"
"14/01/2020","48,07"
"15/01/2020","48,13"
"16/01/2020","48,20"
"17/01/2020","48,25"
"18/01/2020","48,31"
"19/01/2020","48,31"
"20/01/2020","48,31"
"21/01/2020","48,48"
"22/01/2020","48,54"
"23/01/2020","48,59"
"24/01/2020","48,65"
"25/01/2020","48,71"
"26/01/2020","48,71"
"27/01/2020","48,71"
"28/01/2020","48,88"
"29/01/2020","48,94"
"30/01/2020","49,00"
"31/01/2020","49,05"
"01/02/2020","49,11"
"02/02/2020","49,11"
"03/02/2020","49,11"
"04/02/2020","49,28"
"05/02/2020","49,34"
"06/02/2020","49,40"
"07/02/2020","49,46"
"08/02/2020","49,51"
"09/02/2020","49,51"
"10/02/2020","49,51"
"11/02/2020","49,69"
"12/02/2020","49,75"
"13/02/2020","49,81"
"14/02/2020","49,86"
"15/02/2020","49,92"
"16/02/2020","49,92"
"17/02/2020","49,92"
"18/02/2020","50,06"
"19/02/2020","50,10"
"20/02/2020","50,14"
"21/02/2020","50,18"
"22/02/2020","50,22"
"23/02/2020","50,22"
"24/02/2020","50,22"
"25/02/2020","50,22"
"26/02/2020","50,22"
"27/02/2020","50,41"
"28/02/2020","50,45"
"29/02/2020","50,49"
"01/03/2020","50,49"
"02/03/2020","50,49"
"03/03/2020","50,61"
"04/03/2020","50,65"
"05/03/2020","50,69"
"06/03/2020","50,73"
"07/03/2020","50,77"
"08/03/2020","50,77"
"09/03/2020","50,77"
"10/03/2020","50,89"
"11/03/2020","50,93"
"12/03/2020","50,97"
"13/03/2020","51,01"
"14/03/2020","51,05"
"15/03/2020","51,05"
"16/03/2020","51,05"
"17/03/2020","51,16"
"18/03/2020","51,20"
"19/03/2020","51,23"
"20/03/2020","51,26"
"21/03/2020","51,29"
"22/03/2020","51,29"
"23/03/2020","51,29"
"24/03/2020","51,29"
"25/03/2020","51,29"
"26/03/2020","51,46"
"27/03/2020","51,49"
"28/03/2020","51,52"
"29/03/2020","51,52"
"30/03/2020","51,52"
"31/03/2020","51,62"
"01/04/2020","51,66"
"02/04/2020","51,69"
"03/04/2020","51,69"
"04/04/2020","51,76"
"05/04/2020","51,76"
"06/04/2020","51,76"
"07/04/2020","51,85"
"08/04/2020","51,89"
"09/04/2020","51,92"
"10/04/2020","51,92"
"11/04/2020","51,92"
"12/04/2020","51,92"
"13/04/2020","51,92"
"14/04/2020","52,09"
"15/04/2020","52,12"
"16/04/2020","52,15"
"17/04/2020","52,21"
"18/04/2020","52,27"
"19/04/2020","52,27"
"20/04/2020","52,27"
"21/04/2020","52,44"
"22/04/2020","52,49"
"23/04/2020","52,55"
"24/04/2020","52,61"
"25/04/2020","52,66"
"26/04/2020","52,66"
"27/04/2020","52,66"
"28/04/2020","52,84"
"29/04/2020","52,89"
"30/04/2020","52,95"
"01/05/2020","53,01"
"02/05/2020","53,01"
"03/05/2020","53,01"
"04/05/2020","53,01"
"05/05/2020","53,24"
"06/05/2020","53,29"
"07/05/2020","53,35"
"08/05/2020","53,41"
"09/05/2020","53,47"
"10/05/2020","53,47"
"11/05/2020","53,47"
"12/05/2020","53,64"
"13/05/2020","53,70"
"14/05/2020","53,76"
"15/05/2020","53,82"
"16/05/2020","53,87"
"17/05/2020","53,87"
"18/05/2020","53,87"
"19/05/2020","53,95"
"20/05/2020","53,98"
"21/05/2020","54,00"
"22/05/2020","54,03"
"23/05/2020","54,06"
"24/05/2020","54,06"
"25/05/2020","54,06"
"26/05/2020","54,06"
"27/05/2020","54,16"
"28/05/2020","54,19"
"29/05/2020","54,21"
"30/05/2020","54,24"
"31/05/2020","54,24"
"01/06/2020","54,24"
"02/06/2020","54,32"
"03/06/2020","54,34"
"04/06/2020","54,37"
"05/06/2020","54,39"
"06/06/2020","54,42"
"07/06/2020","54,42"
"08/06/2020","54,42"
"09/06/2020","54,50"
"10/06/2020","54,53"
"11/06/2020","54,55"
"12/06/2020","54,58"
"13/06/2020","54,60"
"14/06/2020","54,60"
"15/06/2020","54,60"
"16/06/2020","54,60"
"17/06/2020","54,71"
"18/06/2020","54,74"
"19/06/2020","54,76"
"20/06/2020","54,79"
"21/06/2020","54,79"
"22/06/2020","54,79"
"23/06/2020","54,87"
"24/06/2020","54,90"
"25/06/2020","54,93"
"26/06/2020","54,95"
"27/06/2020","54,98"
"28/06/2020","54,98"
"29/06/2020","54,98"
"30/06/2020","55,06"
"01/07/2020","55,09"
"02/07/2020","55,12"
"03/07/2020","55,15"
"04/07/2020","55,17"
"05/07/2020","55,17"
"06/07/2020","55,17"
"07/07/2020","55,26"
"08/07/2020","55,28"
"09/07/2020","55,31"
"10/07/2020","55,31"
"11/07/2020","55,31"
"12/07/2020","55,31"
"13/07/2020","55,31"
"14/07/2020","55,45"
"15/07/2020","55,48"
"16/07/2020","55,50"
"17/07/2020","55,54"
"18/07/2020","55,58"
"19/07/2020","55,58"
"20/07/2020","55,58"
"21/07/2020","55,70"
"22/07/2020","55,74"
"23/07/2020","55,78"
"24/07/2020","55,82"
"25/07/2020","55,85"
"26/07/2020","55,85"
"27/07/2020","55,85"
"28/07/2020","55,97"
"29/07/2020","56,01"
"30/07/2020","56,05"
"31/07/2020","56,09"
"01/08/2020","56,13"
"02/08/2020","56,13"
"03/08/2020","56,13"
"04/08/2020","56,25"
"05/08/2020","56,29"
"06/08/2020","56,33"
"07/08/2020","56,37"
"08/08/2020","56,41"
"09/08/2020","56,41"
"10/08/2020","56,41"
"11/08/2020","56,53"
"12/08/2020","56,56"
"13/08/2020","56,60"
"14/08/2020","56,64"
"15/08/2020","56,68"
"16/08/2020","56,68"
"17/08/2020","56,68"
"18/08/2020","56,68"
"19/08/2020","56,83"
"20/08/2020","56,86"
"21/08/2020","56,90"
"22/08/2020","56,93"
"23/08/2020","56,93"
"24/08/2020","56,93"
"25/08/2020","57,03"
"26/08/2020","57,07"
"27/08/2020","57,10"
"28/08/2020","57,14"
"29/08/2020","57,17"
"30/08/2020","57,17"
"31/08/2020","57,17"
"01/09/2020","57,28"
"02/09/2020","57,31"
"03/09/2020","57,35"
"04/09/2020","57,38"
"05/09/2020","57,42"
"06/09/2020","57,42"
"07/09/2020","57,42"
"08/09/2020","57,52"
"09/09/2020","57,56"
"10/09/2020","57,59"
"11/09/2020","57,63"
"12/09/2020","57,66"
"13/09/2020","57,66"
"14/09/2020","57,66"
"15/09/2020","57,77"
"16/09/2020","57,80"
"17/09/2020","57,85"
"18/09/2020","57,90"
"19/09/2020","57,96"
"20/09/2020","57,96"
"21/09/2020","57,96"
"22/09/2020","58,11"
"23/09/2020","58,16"
"24/09/2020","58,21"
"25/09/2020","58,27"
"26/09/2020","58,32"
"27/09/2020","58,32"
"28/09/2020","58,32"
"29/09/2020","58,47"
"30/09/2020","58,52"
"01/10/2020","58,58"
"02/10/2020","58,63"
"03/10/2020","58,68"
"04/10/2020","58,68"
"05/10/2020","58,68"
"06/10/2020","58,84"
"07/10/2020","58,89"
"08/10/2020","58,94"
"09/10/2020","58,99"
"10/10/2020","59,05"
"11/10/2020","59,05"
"12/10/2020","59,05"
"13/10/2020","59,05"
"14/10/2020","59,26"
"15/10/2020","59,31"
"16/10/2020","59,36"
"17/10/2020","59,42"
"18/10/2020","59,42"
"19/10/2020","59,42"
"20/10/2020","59,57"
"21/10/2020","59,63"
"22/10/2020","59,68"
"23/10/2020","59,73"
"24/10/2020","59,79"
"25/10/2020","59,79"
"26/10/2020","59,79"
"27/10/2020","59,95"
"28/10/2020","60,00"
"29/10/2020","60,05"
"30/10/2020","60,11"
"31/10/2020","60,16"
"01/11/2020","60,16"
"02/11/2020","60,16"
"03/11/2020","60,32"
"04/11/2020","60,38"
"05/11/2020","60,43"
"06/11/2020","60,48"
"07/11/2020","60,48"
"08/11/2020","60,48"
"09/11/2020","60,48"
"10/11/2020","60,70"
"11/11/2020","60,75"
"12/11/2020","60,81"
"13/11/2020","60,86"
"14/11/2020","60,92"
"15/11/2020","60,92"
"16/11/2020","60,92"
"17/11/2020","61,10"
"18/11/2020","61,18"
"19/11/2020","61,25"
"20/11/2020","61,33"
"21/11/2020","61,40"
"22/11/2020","61,40"
"23/11/2020","61,40"
"24/11/2020","61,40"
"25/11/2020","61,71"
"26/11/2020","61,79"
"27/11/2020","61,86"
"28/11/2020","61,94"
"29/11/2020","61,94"
"30/11/2020","61,94"
"01/12/2020","62,17"
"02/12/2020","62,25"
"03/12/2020","62,33"
"04/12/2020","62,41"
"05/12/2020","62,48"
"06/12/2020","62,48"
"07/12/2020","62,48"
"08/12/2020","62,48"
"09/12/2020","62,48"
"10/12/2020","62,87"
"11/12/2020","62,95"
"12/12/2020","63,03"
"13/12/2020","63,03"
"14/12/2020","63,03"
"15/12/2020","63,26"
"16/12/2020","63,34"
"17/12/2020","63,41"
"18/12/2020","63,47"
"19/12/2020","63,54"
"20/12/2020","63,54"
"21/12/2020","63,54"
"22/12/2020","63,73"
"23/12/2020","63,80"
"24/12/2020","63,86"
"25/12/2020","63,93"
"26/12/2020","63,93"
"27/12/2020","63,93"
"28/12/2020","63,93"
"29/12/2020","64,19"
"30/12/2020","64,25"
"31/12/2020","64,32"
"01/01/2021","64,38"
"02/01/2021","64,38"
"03/01/2021","64,38"
"04/01/2021","64,38"
"05/01/2021","64,64"
"06/01/2021","64,71"
"07/01/2021","64,78"
"08/01/2021","64,84"
"09/01/2021","64,91"
"10/01/2021","64,91"
"11/01/2021","64,91"
"12/01/2021","65,11"
"13/01/2021","65,17"
"14/01/2021","65,24"
"15/01/2021","65,30"
"16/01/2021","65,37"
"17/01/2021","65,37"
"18/01/2021","65,37"
"19/01/2021","65,62"
"20/01/2021","65,70"
"21/01/2021","65,79"
"22/01/2021","65,87"
"23/01/2021","65,95"
"24/01/2021","65,95"
"25/01/2021","65,95"
"26/01/2021","66,20"
"27/01/2021","66,29"
"28/01/2021","66,37"
"29/01/2021","66,45"
"30/01/2021","66,54"
"31/01/2021","66,54"
"01/02/2021","66,54"
"02/02/2021","66,79"
"03/02/2021","66,88"
"04/02/2021","66,96"
"05/02/2021","67,05"
"06/02/2021","67,13"
"07/02/2021","67,13"
"08/02/2021","67,13"
"09/02/2021","67,39"
"10/02/2021","67,47"
"11/02/2021","67,56"
"12/02/2021","67,64"
"13/02/2021","67,73"
"14/02/2021","67,73"
"15/02/2021","67,73"
"16/02/2021","67,73"
"17/02/2021","67,73"
"18/02/2021","68,18"
"19/02/2021","68,27"
"20/02/2021","68,37"
"21/02/2021","68,37"
"22/02/2021","68,37"
"23/02/2021","68,65"
"24/02/2021","68,75"
"25/02/2021","68,85"
"26/02/2021","68,94"
"27/02/2021","69,04"
"28/02/2021","69,04"
"01/03/2021","69,04"
"02/03/2021","69,33"
"03/03/2021","69,43"
"04/03/2021","69,53"
"05/03/2021","69,62"
"06/03/2021","69,72"
"07/03/2021","69,72"
"08/03/2021","69,72"
"09/03/2021","70,01"
"10/03/2021","70,11"
"11/03/2021","70,21"
"12/03/2021","70,31"
"13/03/2021","70,41"
"14/03/2021","70,41"
"15/03/2021","70,41"
"16/03/2021","70,70"
"17/03/2021","70,79"
"18/03/2021","70,87"
"19/03/2021","70,95"
"20/03/2021","71,03"
"21/03/2021","71,03"
"22/03/2021","71,03"
"23/03/2021","71,27"
"24/03/2021","71,35"
"25/03/2021","71,35"
"26/03/2021","71,52"
"27/03/2021","71,60"
"28/03/2021","71,60"
"29/03/2021","71,60"
"30/03/2021","71,84"
"31/03/2021","71,92"
"01/04/2021","72,01"
"02/04/2021","72,01"
"03/04/2021","72,01"
"04/04/2021","72,01"
"05/04/2021","72,01"
"06/04/2021","72,42"
"07/04/2021","72,50"
"08/04/2021","72,58"
"09/04/2021","72,67"
"10/04/2021","72,75"
"11/04/2021","72,75"
"12/04/2021","72,75"
"13/04/2021","73,00"
"14/04/2021","73,08"
"15/04/2021","73,17"
"16/04/2021","73,25"
"17/04/2021","73,36"
"18/04/2021","73,36"
"19/04/2021","73,36"
"20/04/2021","73,71"
"21/04/2021","73,82"
"22/04/2021","73,94"
"23/04/2021","74,06"
"24/04/2021","74,17"
"25/04/2021","74,17"
"26/04/2021","74,17"
"27/04/2021","74,52"
"28/04/2021","74,64"
"29/04/2021","74,75"
"30/04/2021","74,87"
"01/05/2021","74,99"
"02/05/2021","74,99"
"03/05/2021","74,99"
"04/05/2021","75,34"
"05/05/2021","75,46"
"06/05/2021","75,58"
"07/05/2021","75,69"
"08/05/2021","75,81"
"09/05/2021","75,81"
"10/05/2021","75,81"
"11/05/2021","76,17"
"12/05/2021","76,29"
"13/05/2021","76,41"
"14/05/2021","76,53"
"15/05/2021","76,65"
"16/05/2021","76,65"
"17/05/2021","76,65"
"18/05/2021","76,97"
"19/05/2021","77,06"
"20/05/2021","77,16"
"21/05/2021","77,26"
"22/05/2021","77,37"
"23/05/2021","77,37"
"24/05/2021","77,37"
"25/05/2021","77,37"
"26/05/2021","77,37"
"27/05/2021","77,87"
"28/05/2021","77,97"
"29/05/2021","78,07"
"30/05/2021","78,07"
"31/05/2021","78,07"
"01/06/2021","78,37"
"02/06/2021","78,48"
"03/06/2021","78,58"
"04/06/2021","78,68"
"05/06/2021","78,78"
"06/06/2021","78,78"
"07/06/2021","78,78"
"08/06/2021","79,09"
"09/06/2021","79,19"
"10/06/2021","79,29"
"11/06/2021","79,40"
"12/06/2021","79,50"
"13/06/2021","79,50"
"14/06/2021","79,50"
"15/06/2021","79,81"
"16/06/2021","79,91"
"17/06/2021","80,00"
"18/06/2021","80,09"
"19/06/2021","80,17"
"20/06/2021","80,17"
"21/06/2021","80,17"
"22/06/2021","80,17"
"23/06/2021","80,52"
"24/06/2021","80,61"
"25/06/2021","80,70"
"26/06/2021","80,78"
"27/06/2021","80,78"
"28/06/2021","80,78"
"29/06/2021","81,05"
"30/06/2021","81,13"
"01/07/2021","81,22"
"02/07/2021","81,31"
"03/07/2021","81,40"
"04/07/2021","81,40"
"05/07/2021","81,40"
"06/07/2021","81,66"
"07/07/2021","81,75"
"08/07/2021","81,84"
"09/07/2021","81,93"
"10/07/2021","81,93"
"11/07/2021","81,93"
"12/07/2021","81,93"
"13/07/2021","82,28"
"14/07/2021","82,37"
"15/07/2021","82,46"
"16/07/2021","82,55"
"17/07/2021","82,63"
"18/07/2021","82,63"
"19/07/2021","82,63"
"20/07/2021","82,89"
"21/07/2021","82,97"
"22/07/2021","83,06"
"23/07/2021","83,14"
"24/07/2021","83,22"
"25/07/2021","83,22"
"26/07/2021","83,22"
"27/07/2021","83,48"
"28/07/2021","83,56"
"29/07/2021","83,65"
"30/07/2021","83,73"
"31/07/2021","83,82"
"01/08/2021","83,82"
"02/08/2021","83,82"
"03/08/2021","84,07"
"04/08/2021","84,16"
"05/08/2021","84,25"
"06/08/2021","84,33"
"07/08/2021","84,42"
"08/08/2021","84,42"
"09/08/2021","84,42"
"10/08/2021","84,67"
"11/08/2021","84,76"
"12/08/2021","84,85"
"13/08/2021","84,93"
"14/08/2021","85,02"
"15/08/2021","85,02"
"16/08/2021","85,02"
"17/08/2021","85,02"
"18/08/2021","85,35"
"19/08/2021","85,44"
"20/08/2021","85,52"
"21/08/2021","85,60"
"22/08/2021","85,60"
"23/08/2021","85,60"
"24/08/2021","85,84"
"25/08/2021","85,93"
"26/08/2021","86,01"
"27/08/2021","86,09"
"28/08/2021","86,17"
"29/08/2021","86,17"
"30/08/2021","86,17"
"31/08/2021","86,42"
"01/09/2021","86,50"
"02/09/2021","86,58"
"03/09/2021","86,67"
"04/09/2021","86,75"
"05/09/2021","86,75"
"06/09/2021","86,75"
"07/09/2021","87,00"
"08/09/2021","87,08"
"09/09/2021","87,16"
"10/09/2021","87,25"
"11/09/2021","87,33"
"12/09/2021","87,33"
"13/09/2021","87,33"
"14/09/2021","87,58"
"15/09/2021","87,66"
"16/09/2021","87,75"
"17/09/2021","87,82"
"18/09/2021","87,89"
"19/09/2021","87,89"
"20/09/2021","87,89"
"21/09/2021","88,11"
"22/09/2021","88,18"
"23/09/2021","88,25"
"24/09/2021","88,33"
"25/09/2021","88,40"
"26/09/2021","88,40"
"27/09/2021","88,40"
"28/09/2021","88,62"
"29/09/2021","88,69"
"30/09/2021","88,76"
"01/10/2021","88,84"
"02/10/2021","88,91"
"03/10/2021","88,91"
"04/10/2021","88,91"
"05/10/2021","89,13"
"06/10/2021","89,20"
"07/10/2021","89,28"
"08/10/2021","89,35"
"09/10/2021","89,35"
"10/10/2021","89,35"
"11/10/2021","89,35"
"12/10/2021","89,35"
"13/10/2021","89,72"
"14/10/2021","89,79"
"15/10/2021","89,87"
"16/10/2021","89,94"
"17/10/2021","89,94"
"18/10/2021","89,94"
"19/10/2021","90,24"
"20/10/2021","90,34"
"21/10/2021","90,44"
"22/10/2021","90,54"
"23/10/2021","90,64"
"24/10/2021","90,64"
"25/10/2021","90,64"
"26/10/2021","90,95"
"27/10/2021","91,05"
"28/10/2021","91,15"
"29/10/2021","91,25"
"30/10/2021","91,35"
"31/10/2021","91,35"
"01/11/2021","91,35"
"02/11/2021","91,65"
"03/11/2021","91,76"
"04/11/2021","91,86"
"05/11/2021","91,96"
"06/11/2021","92,06"
"07/11/2021","92,06"
"08/11/2021","92,06"
"09/11/2021","92,37"
"10/11/2021","92,47"
"11/11/2021","92,57"
"12/11/2021","92,68"
"13/11/2021","92,78"
"14/11/2021","92,78"
"15/11/2021","92,78"
"16/11/2021","93,09"
"17/11/2021","93,20"
"18/11/2021","93,30"
"19/11/2021","93,41"
"20/11/2021","93,52"
"21/11/2021","93,52"
"22/11/2021","93,52"
"23/11/2021","93,52"
"24/11/2021","93,95"
"25/11/2021","94,06"
"26/11/2021","94,16"
"27/11/2021","94,27"
"28/11/2021","94,27"
"29/11/2021","94,27"
"30/11/2021","94,60"
"01/12/2021","94,70"
"02/12/2021","94,81"
"03/12/2021","94,92"
"04/12/2021","95,03"
"05/12/2021","95,03"
"06/12/2021","95,03"
"07/12/2021","95,36"
"08/12/2021","95,47"
"09/12/2021","95,47"
"10/12/2021","95,69"
"11/12/2021","95,80"
"12/12/2021","95,80"
"13/12/2021","95,80"
"14/12/2021","96,13"
"15/12/2021","96,24"
"16/12/2021","96,35"
"17/12/2021","96,42"
"18/12/2021","96,50"
"19/12/2021","96,50"
"20/12/2021","96,50"
"21/12/2021","96,73"
"22/12/2021","96,81"
"23/12/2021","96,89"
"24/12/2021","96,96"
"25/12/2021","97,04"
"26/12/2021","97,04"
"27/12/2021","97,04"
"28/12/2021","97,27"
"29/12/2021","97,35"
"30/12/2021","97,43"
"31/12/2021","97,51"